{
  "total": {
    "matching_ratio": 0.5885923480151822,
    "matching_funcs": 7095,
    "matching_bytes": 1888176,
    "total_funcs": 11011,
    "total_bytes": 3207952
  },
  "core": {
    "matching_ratio": 0.9679031026287052,
    "matching_funcs": 1738,
    "matching_bytes": 542440,
    "total_funcs": 1748,
    "total_bytes": 560428
  },
  "dll": {
    "matching_ratio": 0.5082998303320385,
    "matching_funcs": 5357,
    "matching_bytes": 1345736,
    "total_funcs": 9263,
    "total_bytes": 2647524,
    "engine": {
      "matching_ratio": 0.5800906535085203,
      "matching_funcs": 1002,
      "matching_bytes": 404416,
      "total_funcs": 1293,
      "total_bytes": 697160
    },
    "modgfx": {
      "matching_ratio": 0.0,
      "matching_funcs": 0,
      "matching_bytes": 0,
      "total_funcs": 246,
      "total_bytes": 101256
    },
    "projgfx": {
      "matching_ratio": 0.0,
      "matching_funcs": 0,
      "matching_bytes": 0,
      "total_funcs": 72,
      "total_bytes": 28644
    },
    "objects": {
      "matching_ratio": 0.5170769649935401,
      "matching_funcs": 4355,
      "matching_bytes": 941320,
      "total_funcs": 7652,
      "total_bytes": 1820464
    }
  },
  "git": {
    "commit_hash": "6d2a56c45c303d7b32dd7bd00032c581c4c693ba",
    "commit_hash_short": "6d2a56c",
    "commit_timestamp": 1784068821
  }
}