{
  "total": {
    "matching_ratio": 0.33899869759829143,
    "matching_funcs": 4210,
    "matching_bytes": 1086960,
    "total_funcs": 10919,
    "total_bytes": 3206384
  },
  "core": {
    "matching_ratio": 0.7996100519930676,
    "matching_funcs": 1565,
    "matching_bytes": 442920,
    "total_funcs": 1656,
    "total_bytes": 553920
  },
  "dll": {
    "matching_ratio": 0.24280819645431567,
    "matching_funcs": 2645,
    "matching_bytes": 644040,
    "total_funcs": 9263,
    "total_bytes": 2652464
  },
  "git": {
    "commit_hash": "76edfa82216c24628f4bf4d2d327bda60a712a17",
    "commit_hash_short": "76edfa8",
    "commit_timestamp": 1768957432
  }
}