{
  "total": {
    "matching_ratio": 0.1525214807125845,
    "matching_funcs": 2122,
    "matching_bytes": 489004,
    "total_funcs": 10930,
    "total_bytes": 3206132
  },
  "core": {
    "matching_ratio": 0.6360273665806946,
    "matching_funcs": 1408,
    "matching_bytes": 352148,
    "total_funcs": 1667,
    "total_bytes": 553668
  },
  "dll": {
    "matching_ratio": 0.0515957992266813,
    "matching_funcs": 714,
    "matching_bytes": 136856,
    "total_funcs": 9263,
    "total_bytes": 2652464
  },
  "git": {
    "commit_hash": "5e7ad0e7e846e53fc9a0cc08437a013903f910da",
    "commit_hash_short": "5e7ad0e",
    "commit_timestamp": 1759847092
  }
}