{
  "total": {
    "matching_ratio": 0.3357851087081273,
    "matching_funcs": 4200,
    "matching_bytes": 1076656,
    "total_funcs": 10926,
    "total_bytes": 3206384
  },
  "core": {
    "matching_ratio": 0.7810080878105141,
    "matching_funcs": 1555,
    "matching_bytes": 432616,
    "total_funcs": 1663,
    "total_bytes": 553920
  },
  "dll": {
    "matching_ratio": 0.24280819645431567,
    "matching_funcs": 2645,
    "matching_bytes": 644040,
    "total_funcs": 9263,
    "total_bytes": 2652464
  },
  "git": {
    "commit_hash": "10609a971294ea2ed2db9d2769c70fc85935db05",
    "commit_hash_short": "10609a9",
    "commit_timestamp": 1768083127
  }
}