{
  "total": {
    "matching_ratio": 0.1263704133169063,
    "matching_funcs": 1732,
    "matching_bytes": 404540,
    "total_funcs": 10929,
    "total_bytes": 3201224
  },
  "core": {
    "matching_ratio": 0.6038098402814398,
    "matching_funcs": 1343,
    "matching_bytes": 334344,
    "total_funcs": 1667,
    "total_bytes": 553724
  },
  "dll": {
    "matching_ratio": 0.026514069877242682,
    "matching_funcs": 389,
    "matching_bytes": 70196,
    "total_funcs": 9262,
    "total_bytes": 2647500
  },
  "git": {
    "commit_hash": "7e4c8f2bc1189a5633cae6be70636e216d291c2e",
    "commit_hash_short": "7e4c8f2",
    "commit_timestamp": 1757735775
  }
}