{
  "total": {
    "matching_ratio": 0.06208892562483305,
    "matching_funcs": 864,
    "matching_bytes": 197108,
    "total_funcs": 10882,
    "total_bytes": 3174608
  },
  "core": {
    "matching_ratio": 0.34883173846725907,
    "matching_funcs": 751,
    "matching_bytes": 183872,
    "total_funcs": 1620,
    "total_bytes": 527108
  },
  "dll": {
    "matching_ratio": 0.0049994334277620395,
    "matching_funcs": 113,
    "matching_bytes": 13236,
    "total_funcs": 9262,
    "total_bytes": 2647500
  },
  "git": {
    "commit_hash": "98cae5d0747e9ceda5231374757776cbbd5952de",
    "commit_hash_short": "98cae5d",
    "commit_timestamp": 1740938470
  }
}