{
  "total": {
    "matching_ratio": 0.08330277772527674,
    "matching_funcs": 1240,
    "matching_bytes": 264448,
    "total_funcs": 10872,
    "total_bytes": 3174540
  },
  "core": {
    "matching_ratio": 0.43051001821493623,
    "matching_funcs": 1053,
    "matching_bytes": 226896,
    "total_funcs": 1610,
    "total_bytes": 527040
  },
  "dll": {
    "matching_ratio": 0.014183947119924456,
    "matching_funcs": 187,
    "matching_bytes": 37552,
    "total_funcs": 9262,
    "total_bytes": 2647500
  },
  "git": {
    "commit_hash": "a05cabe9d5a04621eae51547c49d71304b0fc107",
    "commit_hash_short": "a05cabe",
    "commit_timestamp": 1746372907
  }
}