{
  "total": {
    "matching_ratio": 0.44816466150030687,
    "matching_funcs": 5610,
    "matching_bytes": 1436988,
    "total_funcs": 10912,
    "total_bytes": 3206384
  },
  "core": {
    "matching_ratio": 0.92671143847487,
    "matching_funcs": 1618,
    "matching_bytes": 513324,
    "total_funcs": 1649,
    "total_bytes": 553920
  },
  "dll": {
    "matching_ratio": 0.3482286658744473,
    "matching_funcs": 3992,
    "matching_bytes": 923664,
    "total_funcs": 9263,
    "total_bytes": 2652464
  },
  "git": {
    "commit_hash": "7d912ace5444ca4b53e0f4fe5111937a1f8cb803",
    "commit_hash_short": "7d912ac",
    "commit_timestamp": 1777867327
  }
}