{
  "total": {
    "matching_ratio": 0.28674035906329143,
    "matching_funcs": 3679,
    "matching_bytes": 919324,
    "total_funcs": 10933,
    "total_bytes": 3206120
  },
  "core": {
    "matching_ratio": 0.6462207580158077,
    "matching_funcs": 1423,
    "matching_bytes": 357784,
    "total_funcs": 1670,
    "total_bytes": 553656
  },
  "dll": {
    "matching_ratio": 0.21170504104862498,
    "matching_funcs": 2256,
    "matching_bytes": 561540,
    "total_funcs": 9263,
    "total_bytes": 2652464
  },
  "git": {
    "commit_hash": "eb88bd98ae6a2a217e7ad7e12e1bc211d72395f9",
    "commit_hash_short": "eb88bd9",
    "commit_timestamp": 1763759515
  }
}