{
  "total": {
    "matching_ratio": 0.10374797743803778,
    "matching_funcs": 1448,
    "matching_bytes": 329316,
    "total_funcs": 10877,
    "total_bytes": 3174192
  },
  "core": {
    "matching_ratio": 0.4980292087216058,
    "matching_funcs": 1140,
    "matching_bytes": 262308,
    "total_funcs": 1615,
    "total_bytes": 526692
  },
  "dll": {
    "matching_ratio": 0.025309915014164307,
    "matching_funcs": 308,
    "matching_bytes": 67008,
    "total_funcs": 9262,
    "total_bytes": 2647500
  },
  "git": {
    "commit_hash": "f263d83aaf95a9a33ec4ae2bdcf5b3d3b508d644",
    "commit_hash_short": "f263d83",
    "commit_timestamp": 1755713218
  }
}