{
  "total": {
    "matching_ratio": 0.2996444300275723,
    "matching_funcs": 3889,
    "matching_bytes": 960696,
    "total_funcs": 10933,
    "total_bytes": 3206120
  },
  "core": {
    "matching_ratio": 0.6462207580158077,
    "matching_funcs": 1423,
    "matching_bytes": 357784,
    "total_funcs": 1670,
    "total_bytes": 553656
  },
  "dll": {
    "matching_ratio": 0.2273026137206763,
    "matching_funcs": 2466,
    "matching_bytes": 602912,
    "total_funcs": 9263,
    "total_bytes": 2652464
  },
  "git": {
    "commit_hash": "725f99b6edc9da0abb74f06385215ffabe60118d",
    "commit_hash_short": "725f99b",
    "commit_timestamp": 1763842769
  }
}