{
  "total": {
    "matching_ratio": 0.02638115266924107,
    "matching_funcs": 471,
    "matching_bytes": 84248,
    "total_funcs": 10953,
    "total_bytes": 3193492
  },
  "core": {
    "matching_ratio": 0.15246377236296502,
    "matching_funcs": 440,
    "matching_bytes": 83244,
    "total_funcs": 1691,
    "total_bytes": 545992
  },
  "dll": {
    "matching_ratio": 0.00037922568460812086,
    "matching_funcs": 31,
    "matching_bytes": 1004,
    "total_funcs": 9262,
    "total_bytes": 2647500
  },
  "git": {
    "commit_hash": "b0e2a176172df707ce774419db32162052632963",
    "commit_hash_short": "b0e2a17",
    "commit_timestamp": 1715872875
  }
}