{
  "total": {
    "matching_ratio": 0.36057066153024714,
    "matching_funcs": 4489,
    "matching_bytes": 1156128,
    "total_funcs": 10917,
    "total_bytes": 3206384
  },
  "core": {
    "matching_ratio": 0.839391969959561,
    "matching_funcs": 1587,
    "matching_bytes": 464956,
    "total_funcs": 1654,
    "total_bytes": 553920
  },
  "dll": {
    "matching_ratio": 0.2605773348856007,
    "matching_funcs": 2902,
    "matching_bytes": 691172,
    "total_funcs": 9263,
    "total_bytes": 2652464
  },
  "git": {
    "commit_hash": "670aec32fdd419c6909048069b526634dde3f559",
    "commit_hash_short": "670aec3",
    "commit_timestamp": 1771339530
  }
}