{
  "total": {
    "matching_ratio": 0.5154363704828666,
    "matching_funcs": 6251,
    "matching_bytes": 1653524,
    "total_funcs": 11012,
    "total_bytes": 3208008
  },
  "core": {
    "matching_ratio": 0.9679063095467488,
    "matching_funcs": 1739,
    "matching_bytes": 542496,
    "total_funcs": 1749,
    "total_bytes": 560484
  },
  "dll": {
    "matching_ratio": 0.4196479427570817,
    "matching_funcs": 4512,
    "matching_bytes": 1111028,
    "total_funcs": 9263,
    "total_bytes": 2647524,
    "engine": {
      "matching_ratio": 0.4583969246657869,
      "matching_funcs": 764,
      "matching_bytes": 319576,
      "total_funcs": 1293,
      "total_bytes": 697160
    },
    "modgfx": {
      "matching_ratio": 0.0,
      "matching_funcs": 0,
      "matching_bytes": 0,
      "total_funcs": 246,
      "total_bytes": 101256
    },
    "projgfx": {
      "matching_ratio": 0.0,
      "matching_funcs": 0,
      "matching_bytes": 0,
      "total_funcs": 72,
      "total_bytes": 28644
    },
    "objects": {
      "matching_ratio": 0.4347528981622268,
      "matching_funcs": 3748,
      "matching_bytes": 791452,
      "total_funcs": 7652,
      "total_bytes": 1820464
    }
  },
  "git": {
    "commit_hash": "8f2232c5842608ebcc6b5b5e4daa277d618d5eef",
    "commit_hash_short": "8f2232c",
    "commit_timestamp": 1781729656
  }
}