{
  "total": {
    "matching_ratio": 0.18556261150549574,
    "matching_funcs": 2588,
    "matching_bytes": 594936,
    "total_funcs": 10930,
    "total_bytes": 3206120
  },
  "core": {
    "matching_ratio": 0.6370670596904937,
    "matching_funcs": 1413,
    "matching_bytes": 352716,
    "total_funcs": 1667,
    "total_bytes": 553656
  },
  "dll": {
    "matching_ratio": 0.09131886427110793,
    "matching_funcs": 1175,
    "matching_bytes": 242220,
    "total_funcs": 9263,
    "total_bytes": 2652464
  },
  "git": {
    "commit_hash": "6e15f01e5c797593dfb7d5961ab96d1940fa6bd4",
    "commit_hash_short": "6e15f01",
    "commit_timestamp": 1760763974
  }
}