{
  "total": {
    "matching_ratio": 0.16143315371918562,
    "matching_funcs": 2301,
    "matching_bytes": 517576,
    "total_funcs": 10930,
    "total_bytes": 3206132
  },
  "core": {
    "matching_ratio": 0.6360273665806946,
    "matching_funcs": 1408,
    "matching_bytes": 352148,
    "total_funcs": 1667,
    "total_bytes": 553668
  },
  "dll": {
    "matching_ratio": 0.0623676702115467,
    "matching_funcs": 893,
    "matching_bytes": 165428,
    "total_funcs": 9263,
    "total_bytes": 2652464
  },
  "git": {
    "commit_hash": "740ad7b07183c59387938490ad940021376914f6",
    "commit_hash_short": "740ad7b",
    "commit_timestamp": 1759989515
  }
}