{
  "total": {
    "matching_ratio": 0.2861701994934687,
    "matching_funcs": 3675,
    "matching_bytes": 917496,
    "total_funcs": 10933,
    "total_bytes": 3206120
  },
  "core": {
    "matching_ratio": 0.6462207580158077,
    "matching_funcs": 1423,
    "matching_bytes": 357784,
    "total_funcs": 1670,
    "total_bytes": 553656
  },
  "dll": {
    "matching_ratio": 0.21101587052642373,
    "matching_funcs": 2252,
    "matching_bytes": 559712,
    "total_funcs": 9263,
    "total_bytes": 2652464
  },
  "git": {
    "commit_hash": "5f1f98292cf7b8ca58865244cee141b3149a3fa9",
    "commit_hash_short": "5f1f982",
    "commit_timestamp": 1763590567
  }
}