{
  "total": {
    "matching_ratio": 0.12616174313325154,
    "matching_funcs": 1731,
    "matching_bytes": 403872,
    "total_funcs": 10929,
    "total_bytes": 3201224
  },
  "core": {
    "matching_ratio": 0.6026034630971386,
    "matching_funcs": 1342,
    "matching_bytes": 333676,
    "total_funcs": 1667,
    "total_bytes": 553724
  },
  "dll": {
    "matching_ratio": 0.026514069877242682,
    "matching_funcs": 389,
    "matching_bytes": 70196,
    "total_funcs": 9262,
    "total_bytes": 2647500
  },
  "git": {
    "commit_hash": "549a5889af07373d26a76d5ce56bf84d0bc762d5",
    "commit_hash_short": "549a588",
    "commit_timestamp": 1757633162
  }
}