{
  "total": {
    "matching_ratio": 0.2678552268785947,
    "matching_funcs": 3335,
    "matching_bytes": 858776,
    "total_funcs": 10933,
    "total_bytes": 3206120
  },
  "core": {
    "matching_ratio": 0.6453176701778722,
    "matching_funcs": 1421,
    "matching_bytes": 357284,
    "total_funcs": 1670,
    "total_bytes": 553656
  },
  "dll": {
    "matching_ratio": 0.18906646800861387,
    "matching_funcs": 1914,
    "matching_bytes": 501492,
    "total_funcs": 9263,
    "total_bytes": 2652464
  },
  "git": {
    "commit_hash": "bc9ac9dd36f4582c56551adfabc74573274d7fe0",
    "commit_hash_short": "bc9ac9d",
    "commit_timestamp": 1762995471
  }
}