{
  "total": {
    "matching_ratio": 0.34310550451848565,
    "matching_funcs": 4269,
    "matching_bytes": 1100128,
    "total_funcs": 10918,
    "total_bytes": 3206384
  },
  "core": {
    "matching_ratio": 0.7963316002310803,
    "matching_funcs": 1564,
    "matching_bytes": 441104,
    "total_funcs": 1655,
    "total_bytes": 553920
  },
  "dll": {
    "matching_ratio": 0.24845728349187773,
    "matching_funcs": 2705,
    "matching_bytes": 659024,
    "total_funcs": 9263,
    "total_bytes": 2652464
  },
  "git": {
    "commit_hash": "b0c9f5757ac6b7fa43947b7531a0dac429d53d23",
    "commit_hash_short": "b0c9f57",
    "commit_timestamp": 1769579804
  }
}