{
  "total": {
    "matching_ratio": 0.42346393944081556,
    "matching_funcs": 5396,
    "matching_bytes": 1357788,
    "total_funcs": 10917,
    "total_bytes": 3206384
  },
  "core": {
    "matching_ratio": 0.8715771230502599,
    "matching_funcs": 1601,
    "matching_bytes": 482784,
    "total_funcs": 1654,
    "total_bytes": 553920
  },
  "dll": {
    "matching_ratio": 0.32988345930425444,
    "matching_funcs": 3795,
    "matching_bytes": 875004,
    "total_funcs": 9263,
    "total_bytes": 2652464
  },
  "git": {
    "commit_hash": "172badeb93436a7bd7794a134de42ee37bf4219e",
    "commit_hash_short": "172bade",
    "commit_timestamp": 1776045519
  }
}