{
  "total": {
    "matching_ratio": 0.318017586409957,
    "matching_funcs": 4087,
    "matching_bytes": 1019600,
    "total_funcs": 10933,
    "total_bytes": 3206112
  },
  "core": {
    "matching_ratio": 0.6783371383984048,
    "matching_funcs": 1442,
    "matching_bytes": 375560,
    "total_funcs": 1670,
    "total_bytes": 553648
  },
  "dll": {
    "matching_ratio": 0.24280819645431567,
    "matching_funcs": 2645,
    "matching_bytes": 644040,
    "total_funcs": 9263,
    "total_bytes": 2652464
  },
  "git": {
    "commit_hash": "e64e36783b68b9e4b6812493e1f9eb0f5f14f802",
    "commit_hash_short": "e64e367",
    "commit_timestamp": 1765401465
  }
}