{
  "total": {
    "matching_ratio": 0.39722378854185897,
    "matching_funcs": 5176,
    "matching_bytes": 1273652,
    "total_funcs": 10917,
    "total_bytes": 3206384
  },
  "core": {
    "matching_ratio": 0.8457755632582322,
    "matching_funcs": 1590,
    "matching_bytes": 468492,
    "total_funcs": 1654,
    "total_bytes": 553920
  },
  "dll": {
    "matching_ratio": 0.30355171644176887,
    "matching_funcs": 3586,
    "matching_bytes": 805160,
    "total_funcs": 9263,
    "total_bytes": 2652464
  },
  "git": {
    "commit_hash": "375cb08d4775b8f3ef8a47f1c067ee6a627bfd1b",
    "commit_hash_short": "375cb08",
    "commit_timestamp": 1773256667
  }
}