{
  "total": {
    "matching_ratio": 0.4032006147735268,
    "matching_funcs": 5265,
    "matching_bytes": 1292816,
    "total_funcs": 10917,
    "total_bytes": 3206384
  },
  "core": {
    "matching_ratio": 0.8457755632582322,
    "matching_funcs": 1590,
    "matching_bytes": 468492,
    "total_funcs": 1654,
    "total_bytes": 553920
  },
  "dll": {
    "matching_ratio": 0.31077669668655256,
    "matching_funcs": 3675,
    "matching_bytes": 824324,
    "total_funcs": 9263,
    "total_bytes": 2652464
  },
  "git": {
    "commit_hash": "7c0c103ca11a48770174f25cb9b3ccae92808603",
    "commit_hash_short": "7c0c103",
    "commit_timestamp": 1773540028
  }
}