{
  "total": {
    "matching_ratio": 0.0714973325370005,
    "matching_funcs": 1054,
    "matching_bytes": 226972,
    "total_funcs": 10877,
    "total_bytes": 3174552
  },
  "core": {
    "matching_ratio": 0.39569530141238435,
    "matching_funcs": 926,
    "matching_bytes": 208552,
    "total_funcs": 1615,
    "total_bytes": 527052
  },
  "dll": {
    "matching_ratio": 0.0069575070821529745,
    "matching_funcs": 128,
    "matching_bytes": 18420,
    "total_funcs": 9262,
    "total_bytes": 2647500
  },
  "git": {
    "commit_hash": "088f993eba59e12e6d172075613122eebf09b55b",
    "commit_hash_short": "088f993",
    "commit_timestamp": 1744517075
  }
}