{
  "total": {
    "matching_ratio": 0.3040110788117725,
    "matching_funcs": 3957,
    "matching_bytes": 974696,
    "total_funcs": 10933,
    "total_bytes": 3206120
  },
  "core": {
    "matching_ratio": 0.6462207580158077,
    "matching_funcs": 1423,
    "matching_bytes": 357784,
    "total_funcs": 1670,
    "total_bytes": 553656
  },
  "dll": {
    "matching_ratio": 0.23258072494103596,
    "matching_funcs": 2534,
    "matching_bytes": 616912,
    "total_funcs": 9263,
    "total_bytes": 2652464
  },
  "git": {
    "commit_hash": "658716ef7ce655a35d8c0d2dab711cedf5415ab7",
    "commit_hash_short": "658716e",
    "commit_timestamp": 1764449144
  }
}