{
  "total": {
    "matching_ratio": 0.39401144716291,
    "matching_funcs": 5155,
    "matching_bytes": 1263352,
    "total_funcs": 10917,
    "total_bytes": 3206384
  },
  "core": {
    "matching_ratio": 0.839391969959561,
    "matching_funcs": 1587,
    "matching_bytes": 464956,
    "total_funcs": 1654,
    "total_bytes": 553920
  },
  "dll": {
    "matching_ratio": 0.30100163470644653,
    "matching_funcs": 3568,
    "matching_bytes": 798396,
    "total_funcs": 9263,
    "total_bytes": 2652464
  },
  "git": {
    "commit_hash": "a986dd96292b6fda7642bed66b5eb50cf2214e56",
    "commit_hash_short": "a986dd9",
    "commit_timestamp": 1772678714
  }
}