{
  "total": {
    "matching_ratio": 0.06932001743868112,
    "matching_funcs": 1021,
    "matching_bytes": 220060,
    "total_funcs": 10877,
    "total_bytes": 3174552
  },
  "core": {
    "matching_ratio": 0.38893316029537883,
    "matching_funcs": 899,
    "matching_bytes": 204988,
    "total_funcs": 1615,
    "total_bytes": 527052
  },
  "dll": {
    "matching_ratio": 0.005692917847025495,
    "matching_funcs": 122,
    "matching_bytes": 15072,
    "total_funcs": 9262,
    "total_bytes": 2647500
  },
  "git": {
    "commit_hash": "132c789187c8a36121f4c517365cc64429c84309",
    "commit_hash_short": "132c789",
    "commit_timestamp": 1744154155
  }
}