{
  "total": {
    "matching_ratio": 0.35147879979441016,
    "matching_funcs": 4387,
    "matching_bytes": 1126976,
    "total_funcs": 10918,
    "total_bytes": 3206384
  },
  "core": {
    "matching_ratio": 0.8056542461005199,
    "matching_funcs": 1569,
    "matching_bytes": 446268,
    "total_funcs": 1655,
    "total_bytes": 553920
  },
  "dll": {
    "matching_ratio": 0.2566323237563262,
    "matching_funcs": 2818,
    "matching_bytes": 680708,
    "total_funcs": 9263,
    "total_bytes": 2652464
  },
  "git": {
    "commit_hash": "68dd9d5eb81f4331ad81ded076780cf44276726a",
    "commit_hash_short": "68dd9d5",
    "commit_timestamp": 1770364808
  }
}