{
  "total": {
    "matching_ratio": 0.3962232845473281,
    "matching_funcs": 5174,
    "matching_bytes": 1270444,
    "total_funcs": 10917,
    "total_bytes": 3206384
  },
  "core": {
    "matching_ratio": 0.8399841132293472,
    "matching_funcs": 1588,
    "matching_bytes": 465284,
    "total_funcs": 1654,
    "total_bytes": 553920
  },
  "dll": {
    "matching_ratio": 0.30355171644176887,
    "matching_funcs": 3586,
    "matching_bytes": 805160,
    "total_funcs": 9263,
    "total_bytes": 2652464
  },
  "git": {
    "commit_hash": "6da772ca24c33457b85c9652d40c0eea0a5660aa",
    "commit_hash_short": "6da772c",
    "commit_timestamp": 1773013902
  }
}