{
  "total": {
    "matching_ratio": 0.12517462070757934,
    "matching_funcs": 1722,
    "matching_bytes": 400712,
    "total_funcs": 10929,
    "total_bytes": 3201224
  },
  "core": {
    "matching_ratio": 0.5968966488720012,
    "matching_funcs": 1333,
    "matching_bytes": 330516,
    "total_funcs": 1667,
    "total_bytes": 553724
  },
  "dll": {
    "matching_ratio": 0.026514069877242682,
    "matching_funcs": 389,
    "matching_bytes": 70196,
    "total_funcs": 9262,
    "total_bytes": 2647500
  },
  "git": {
    "commit_hash": "096bd7887b5b037b901142f333ade10cf2bcf1c2",
    "commit_hash_short": "096bd78",
    "commit_timestamp": 1757544133
  }
}