{
  "total": {
    "matching_ratio": 0.3127135761775307,
    "matching_funcs": 4004,
    "matching_bytes": 1002596,
    "total_funcs": 10933,
    "total_bytes": 3206116
  },
  "core": {
    "matching_ratio": 0.6754423356187641,
    "matching_funcs": 1434,
    "matching_bytes": 373960,
    "total_funcs": 1670,
    "total_bytes": 553652
  },
  "dll": {
    "matching_ratio": 0.23700076608014284,
    "matching_funcs": 2570,
    "matching_bytes": 628636,
    "total_funcs": 9263,
    "total_bytes": 2652464
  },
  "git": {
    "commit_hash": "6f9b23950c9aa007666716f1d2470ec2f69b698a",
    "commit_hash_short": "6f9b239",
    "commit_timestamp": 1764991412
  }
}