{
  "total": {
    "matching_ratio": 0.17310703364677438,
    "matching_funcs": 2447,
    "matching_bytes": 555004,
    "total_funcs": 10930,
    "total_bytes": 3206132
  },
  "core": {
    "matching_ratio": 0.6360273665806946,
    "matching_funcs": 1408,
    "matching_bytes": 352148,
    "total_funcs": 1667,
    "total_bytes": 553668
  },
  "dll": {
    "matching_ratio": 0.07647832355123386,
    "matching_funcs": 1039,
    "matching_bytes": 202856,
    "total_funcs": 9263,
    "total_bytes": 2652464
  },
  "git": {
    "commit_hash": "21ec91e74ecd94e8f17ab5ed5f1105005970fa94",
    "commit_hash_short": "21ec91e",
    "commit_timestamp": 1760315537
  }
}