{
  "total": {
    "matching_ratio": 0.06116393289771109,
    "matching_funcs": 856,
    "matching_bytes": 194172,
    "total_funcs": 10881,
    "total_bytes": 3174616
  },
  "core": {
    "matching_ratio": 0.343256512797942,
    "matching_funcs": 743,
    "matching_bytes": 180936,
    "total_funcs": 1619,
    "total_bytes": 527116
  },
  "dll": {
    "matching_ratio": 0.0049994334277620395,
    "matching_funcs": 113,
    "matching_bytes": 13236,
    "total_funcs": 9262,
    "total_bytes": 2647500
  },
  "git": {
    "commit_hash": "06f01d3e8e356a5962c1db9a22b5edfdfd5ffa15",
    "commit_hash_short": "06f01d3",
    "commit_timestamp": 1740906649
  }
}