{
  "total": {
    "matching_ratio": 0.23788379723778275,
    "matching_funcs": 3099,
    "matching_bytes": 762684,
    "total_funcs": 10929,
    "total_bytes": 3206120
  },
  "core": {
    "matching_ratio": 0.6407010851503461,
    "matching_funcs": 1414,
    "matching_bytes": 354728,
    "total_funcs": 1666,
    "total_bytes": 553656
  },
  "dll": {
    "matching_ratio": 0.15380265292950254,
    "matching_funcs": 1685,
    "matching_bytes": 407956,
    "total_funcs": 9263,
    "total_bytes": 2652464
  },
  "git": {
    "commit_hash": "92d8a504b774e2fbeb621bacc48f11de36d951d1",
    "commit_hash_short": "92d8a50",
    "commit_timestamp": 1761885431
  }
}