{
  "total": {
    "matching_ratio": 0.4637133074481111,
    "matching_funcs": 5765,
    "matching_bytes": 1487596,
    "total_funcs": 11012,
    "total_bytes": 3208008
  },
  "core": {
    "matching_ratio": 0.9351845904611015,
    "matching_funcs": 1713,
    "matching_bytes": 524156,
    "total_funcs": 1749,
    "total_bytes": 560484
  },
  "dll": {
    "matching_ratio": 0.36390227246287477,
    "matching_funcs": 4052,
    "matching_bytes": 963440,
    "total_funcs": 9263,
    "total_bytes": 2647524,
    "engine": {
      "matching_ratio": 0.4180618509380917,
      "matching_funcs": 721,
      "matching_bytes": 291456,
      "total_funcs": 1293,
      "total_bytes": 697160
    },
    "modgfx": {
      "matching_ratio": 0.0,
      "matching_funcs": 0,
      "matching_bytes": 0,
      "total_funcs": 246,
      "total_bytes": 101256
    },
    "projgfx": {
      "matching_ratio": 0.0,
      "matching_funcs": 0,
      "matching_bytes": 0,
      "total_funcs": 72,
      "total_bytes": 28644
    },
    "objects": {
      "matching_ratio": 0.3691278706967015,
      "matching_funcs": 3331,
      "matching_bytes": 671984,
      "total_funcs": 7652,
      "total_bytes": 1820464
    }
  },
  "git": {
    "commit_hash": "72447fbf32a7db194dcbcf895538839d60186b21",
    "commit_hash_short": "72447fb",
    "commit_timestamp": 1778683307
  }
}