{
  "total": {
    "matching_ratio": 0.06780135123897173,
    "matching_funcs": 998,
    "matching_bytes": 215240,
    "total_funcs": 10879,
    "total_bytes": 3174568
  },
  "core": {
    "matching_ratio": 0.38325984502948385,
    "matching_funcs": 885,
    "matching_bytes": 202004,
    "total_funcs": 1617,
    "total_bytes": 527068
  },
  "dll": {
    "matching_ratio": 0.0049994334277620395,
    "matching_funcs": 113,
    "matching_bytes": 13236,
    "total_funcs": 9262,
    "total_bytes": 2647500
  },
  "git": {
    "commit_hash": "82671c2e0e466ab72f2e067ad16f1cb59cfe93d3",
    "commit_hash_short": "82671c2",
    "commit_timestamp": 1743740438
  }
}