{
  "total": {
    "matching_ratio": 0.08700095131893125,
    "matching_funcs": 1317,
    "matching_bytes": 276188,
    "total_funcs": 10872,
    "total_bytes": 3174540
  },
  "core": {
    "matching_ratio": 0.43446417729204617,
    "matching_funcs": 1064,
    "matching_bytes": 228980,
    "total_funcs": 1610,
    "total_bytes": 527040
  },
  "dll": {
    "matching_ratio": 0.017831161473087817,
    "matching_funcs": 253,
    "matching_bytes": 47208,
    "total_funcs": 9262,
    "total_bytes": 2647500
  },
  "git": {
    "commit_hash": "b5f2ff6aadb0d6a9ff9e53a5b910b14f99af4c1c",
    "commit_hash_short": "b5f2ff6",
    "commit_timestamp": 1748466730
  }
}