{
  "total": {
    "matching_ratio": 0.20922111461829251,
    "matching_funcs": 2990,
    "matching_bytes": 670788,
    "total_funcs": 10930,
    "total_bytes": 3206120
  },
  "core": {
    "matching_ratio": 0.64072998396116,
    "matching_funcs": 1415,
    "matching_bytes": 354744,
    "total_funcs": 1667,
    "total_bytes": 553656
  },
  "dll": {
    "matching_ratio": 0.1191510987519529,
    "matching_funcs": 1575,
    "matching_bytes": 316044,
    "total_funcs": 9263,
    "total_bytes": 2652464
  },
  "git": {
    "commit_hash": "222b606d927ba23025eac30987ff2b3c4812baae",
    "commit_hash_short": "222b606",
    "commit_timestamp": 1761236564
  }
}