{
  "total": {
    "matching_ratio": 0.409756286209013,
    "matching_funcs": 5348,
    "matching_bytes": 1313836,
    "total_funcs": 10917,
    "total_bytes": 3206384
  },
  "core": {
    "matching_ratio": 0.8457755632582322,
    "matching_funcs": 1590,
    "matching_bytes": 468492,
    "total_funcs": 1654,
    "total_bytes": 553920
  },
  "dll": {
    "matching_ratio": 0.31870140367597827,
    "matching_funcs": 3758,
    "matching_bytes": 845344,
    "total_funcs": 9263,
    "total_bytes": 2652464
  },
  "git": {
    "commit_hash": "915a24679995cbc850ab1cd723e354876935f9cd",
    "commit_hash_short": "915a246",
    "commit_timestamp": 1773610039
  }
}