{
  "total": {
    "matching_ratio": 0.03270212304020059,
    "matching_funcs": 606,
    "matching_bytes": 104232,
    "total_funcs": 10942,
    "total_bytes": 3187316
  },
  "core": {
    "matching_ratio": 0.16856854928345955,
    "matching_funcs": 493,
    "matching_bytes": 90996,
    "total_funcs": 1680,
    "total_bytes": 539816
  },
  "dll": {
    "matching_ratio": 0.0049994334277620395,
    "matching_funcs": 113,
    "matching_bytes": 13236,
    "total_funcs": 9262,
    "total_bytes": 2647500
  },
  "git": {
    "commit_hash": "e066d76c76944af7324205ed3c04996d758ec46b",
    "commit_hash_short": "e066d76",
    "commit_timestamp": 1738473851
  }
}