{
  "total": {
    "matching_ratio": 0.5124999688280079,
    "matching_funcs": 6230,
    "matching_bytes": 1644104,
    "total_funcs": 11012,
    "total_bytes": 3208008
  },
  "core": {
    "matching_ratio": 0.9679063095467488,
    "matching_funcs": 1739,
    "matching_bytes": 542496,
    "total_funcs": 1749,
    "total_bytes": 560484
  },
  "dll": {
    "matching_ratio": 0.41608990135689045,
    "matching_funcs": 4491,
    "matching_bytes": 1101608,
    "total_funcs": 9263,
    "total_bytes": 2647524,
    "engine": {
      "matching_ratio": 0.4583969246657869,
      "matching_funcs": 764,
      "matching_bytes": 319576,
      "total_funcs": 1293,
      "total_bytes": 697160
    },
    "modgfx": {
      "matching_ratio": 0.0,
      "matching_funcs": 0,
      "matching_bytes": 0,
      "total_funcs": 246,
      "total_bytes": 101256
    },
    "projgfx": {
      "matching_ratio": 0.0,
      "matching_funcs": 0,
      "matching_bytes": 0,
      "total_funcs": 72,
      "total_bytes": 28644
    },
    "objects": {
      "matching_ratio": 0.4295783932008543,
      "matching_funcs": 3727,
      "matching_bytes": 782032,
      "total_funcs": 7652,
      "total_bytes": 1820464
    }
  },
  "git": {
    "commit_hash": "0b48a8677335d8f36038a73d35383d4a6b623632",
    "commit_hash_short": "0b48a86",
    "commit_timestamp": 1781549440
  }
}