{
  "total": {
    "matching_ratio": 0.4739950773190092,
    "matching_funcs": 5861,
    "matching_bytes": 1520580,
    "total_funcs": 11012,
    "total_bytes": 3208008
  },
  "core": {
    "matching_ratio": 0.9351845904611015,
    "matching_funcs": 1713,
    "matching_bytes": 524156,
    "total_funcs": 1749,
    "total_bytes": 560484
  },
  "dll": {
    "matching_ratio": 0.37636070532316235,
    "matching_funcs": 4148,
    "matching_bytes": 996424,
    "total_funcs": 9263,
    "total_bytes": 2647524,
    "engine": {
      "matching_ratio": 0.44462103390900226,
      "matching_funcs": 752,
      "matching_bytes": 309972,
      "total_funcs": 1293,
      "total_bytes": 697160
    },
    "modgfx": {
      "matching_ratio": 0.0,
      "matching_funcs": 0,
      "matching_bytes": 0,
      "total_funcs": 246,
      "total_bytes": 101256
    },
    "projgfx": {
      "matching_ratio": 0.0,
      "matching_funcs": 0,
      "matching_bytes": 0,
      "total_funcs": 72,
      "total_bytes": 28644
    },
    "objects": {
      "matching_ratio": 0.3770752950896035,
      "matching_funcs": 3396,
      "matching_bytes": 686452,
      "total_funcs": 7652,
      "total_bytes": 1820464
    }
  },
  "git": {
    "commit_hash": "7c996df873c281518ea9ff3bbf9142069bff84ab",
    "commit_hash_short": "7c996df",
    "commit_timestamp": 1779513137
  }
}