{
  "total": {
    "matching_ratio": 0.09388092481033425,
    "matching_funcs": 1381,
    "matching_bytes": 298028,
    "total_funcs": 10874,
    "total_bytes": 3174532
  },
  "core": {
    "matching_ratio": 0.438500887991621,
    "matching_funcs": 1074,
    "matching_bytes": 231104,
    "total_funcs": 1612,
    "total_bytes": 527032
  },
  "dll": {
    "matching_ratio": 0.025278186968838528,
    "matching_funcs": 307,
    "matching_bytes": 66924,
    "total_funcs": 9262,
    "total_bytes": 2647500
  },
  "git": {
    "commit_hash": "b63ad68503123be1b7809a7cf95f6ee591272b80",
    "commit_hash_short": "b63ad68",
    "commit_timestamp": 1753054218
  }
}