{
  "total": {
    "matching_ratio": 0.2060671465821616,
    "matching_funcs": 2966,
    "matching_bytes": 660676,
    "total_funcs": 10930,
    "total_bytes": 3206120
  },
  "core": {
    "matching_ratio": 0.64072998396116,
    "matching_funcs": 1415,
    "matching_bytes": 354744,
    "total_funcs": 1667,
    "total_bytes": 553656
  },
  "dll": {
    "matching_ratio": 0.115338794419076,
    "matching_funcs": 1551,
    "matching_bytes": 305932,
    "total_funcs": 9263,
    "total_bytes": 2652464
  },
  "git": {
    "commit_hash": "64d98869942f1387a224da841558c9061321d8ee",
    "commit_hash_short": "64d9886",
    "commit_timestamp": 1761150773
  }
}