{
  "total": {
    "matching_ratio": 0.2791398949509064,
    "matching_funcs": 3590,
    "matching_bytes": 894956,
    "total_funcs": 10933,
    "total_bytes": 3206120
  },
  "core": {
    "matching_ratio": 0.6462207580158077,
    "matching_funcs": 1423,
    "matching_bytes": 357784,
    "total_funcs": 1670,
    "total_bytes": 553656
  },
  "dll": {
    "matching_ratio": 0.20251811146164472,
    "matching_funcs": 2167,
    "matching_bytes": 537172,
    "total_funcs": 9263,
    "total_bytes": 2652464
  },
  "git": {
    "commit_hash": "a64815897713649bd02206024bd19f30e7c11c6d",
    "commit_hash_short": "a648158",
    "commit_timestamp": 1763281649
  }
}