{
  "total": {
    "matching_ratio": 0.21474180629545994,
    "matching_funcs": 3027,
    "matching_bytes": 688488,
    "total_funcs": 10930,
    "total_bytes": 3206120
  },
  "core": {
    "matching_ratio": 0.64072998396116,
    "matching_funcs": 1415,
    "matching_bytes": 354744,
    "total_funcs": 1667,
    "total_bytes": 553656
  },
  "dll": {
    "matching_ratio": 0.12582413936626471,
    "matching_funcs": 1612,
    "matching_bytes": 333744,
    "total_funcs": 9263,
    "total_bytes": 2652464
  },
  "git": {
    "commit_hash": "1833705d841b385f4b5c91b0dc7ddfd48e542489",
    "commit_hash_short": "1833705",
    "commit_timestamp": 1761423141
  }
}