{
  "total": {
    "matching_ratio": 0.49154366198588034,
    "matching_funcs": 6044,
    "matching_bytes": 1576876,
    "total_funcs": 11012,
    "total_bytes": 3208008
  },
  "core": {
    "matching_ratio": 0.9679063095467488,
    "matching_funcs": 1739,
    "matching_bytes": 542496,
    "total_funcs": 1749,
    "total_bytes": 560484
  },
  "dll": {
    "matching_ratio": 0.3906971192706846,
    "matching_funcs": 4305,
    "matching_bytes": 1034380,
    "total_funcs": 9263,
    "total_bytes": 2647524,
    "engine": {
      "matching_ratio": 0.4466291812496414,
      "matching_funcs": 753,
      "matching_bytes": 311372,
      "total_funcs": 1293,
      "total_bytes": 697160
    },
    "modgfx": {
      "matching_ratio": 0.0,
      "matching_funcs": 0,
      "matching_bytes": 0,
      "total_funcs": 246,
      "total_bytes": 101256
    },
    "projgfx": {
      "matching_ratio": 0.0,
      "matching_funcs": 0,
      "matching_bytes": 0,
      "total_funcs": 72,
      "total_bytes": 28644
    },
    "objects": {
      "matching_ratio": 0.39715588992696366,
      "matching_funcs": 3552,
      "matching_bytes": 723008,
      "total_funcs": 7652,
      "total_bytes": 1820464
    }
  },
  "git": {
    "commit_hash": "d257e93b735d796628a97ec3de7b481590b23f58",
    "commit_hash_short": "d257e93",
    "commit_timestamp": 1779914217
  }
}