{
  "total": {
    "matching_ratio": 0.13383719610101044,
    "matching_funcs": 1869,
    "matching_bytes": 429104,
    "total_funcs": 10930,
    "total_bytes": 3206164
  },
  "core": {
    "matching_ratio": 0.6181108903738487,
    "matching_funcs": 1370,
    "matching_bytes": 342248,
    "total_funcs": 1667,
    "total_bytes": 553700
  },
  "dll": {
    "matching_ratio": 0.03274540201111118,
    "matching_funcs": 499,
    "matching_bytes": 86856,
    "total_funcs": 9263,
    "total_bytes": 2652464
  },
  "git": {
    "commit_hash": "09c1fc4749247a53482148eee395a66a09c70eda",
    "commit_hash_short": "09c1fc4",
    "commit_timestamp": 1758489731
  }
}