{
  "total": {
    "matching_ratio": 0.3261960697224402,
    "matching_funcs": 4163,
    "matching_bytes": 1045812,
    "total_funcs": 10926,
    "total_bytes": 3206084
  },
  "core": {
    "matching_ratio": 0.7257180015172863,
    "matching_funcs": 1518,
    "matching_bytes": 401772,
    "total_funcs": 1663,
    "total_bytes": 553620
  },
  "dll": {
    "matching_ratio": 0.24280819645431567,
    "matching_funcs": 2645,
    "matching_bytes": 644040,
    "total_funcs": 9263,
    "total_bytes": 2652464
  },
  "git": {
    "commit_hash": "e0e035c5dd517937cbd4198e4334b9661b688695",
    "commit_hash_short": "e0e035c",
    "commit_timestamp": 1767041823
  }
}