{
  "total": {
    "matching_ratio": 0.0675187678133576,
    "matching_funcs": 959,
    "matching_bytes": 214344,
    "total_funcs": 10881,
    "total_bytes": 3174584
  },
  "core": {
    "matching_ratio": 0.3815482921128321,
    "matching_funcs": 846,
    "matching_bytes": 201108,
    "total_funcs": 1619,
    "total_bytes": 527084
  },
  "dll": {
    "matching_ratio": 0.0049994334277620395,
    "matching_funcs": 113,
    "matching_bytes": 13236,
    "total_funcs": 9262,
    "total_bytes": 2647500
  },
  "git": {
    "commit_hash": "65d61da7e9f1109355ec01d4e60aa740f51d56e5",
    "commit_hash_short": "65d61da",
    "commit_timestamp": 1743314568
  }
}