{
  "total": {
    "matching_ratio": 0.022103537292438805,
    "matching_funcs": 449,
    "matching_bytes": 70588,
    "total_funcs": 10960,
    "total_bytes": 3193516
  },
  "core": {
    "matching_ratio": 0.12743948895270468,
    "matching_funcs": 418,
    "matching_bytes": 69584,
    "total_funcs": 1698,
    "total_bytes": 546016
  },
  "dll": {
    "matching_ratio": 0.00037922568460812086,
    "matching_funcs": 31,
    "matching_bytes": 1004,
    "total_funcs": 9262,
    "total_bytes": 2647500
  },
  "git": {
    "commit_hash": "7785901486c135d6bf40da98472b784d424d1cef",
    "commit_hash_short": "7785901",
    "commit_timestamp": 1653931681
  }
}