{
  "total": {
    "matching_ratio": 0.5139525836593923,
    "matching_funcs": 6240,
    "matching_bytes": 1648764,
    "total_funcs": 11012,
    "total_bytes": 3208008
  },
  "core": {
    "matching_ratio": 0.9679063095467488,
    "matching_funcs": 1739,
    "matching_bytes": 542496,
    "total_funcs": 1749,
    "total_bytes": 560484
  },
  "dll": {
    "matching_ratio": 0.4178500364869214,
    "matching_funcs": 4501,
    "matching_bytes": 1106268,
    "total_funcs": 9263,
    "total_bytes": 2647524,
    "engine": {
      "matching_ratio": 0.4583969246657869,
      "matching_funcs": 764,
      "matching_bytes": 319576,
      "total_funcs": 1293,
      "total_bytes": 697160
    },
    "modgfx": {
      "matching_ratio": 0.0,
      "matching_funcs": 0,
      "matching_bytes": 0,
      "total_funcs": 246,
      "total_bytes": 101256
    },
    "projgfx": {
      "matching_ratio": 0.0,
      "matching_funcs": 0,
      "matching_bytes": 0,
      "total_funcs": 72,
      "total_bytes": 28644
    },
    "objects": {
      "matching_ratio": 0.43213818015626787,
      "matching_funcs": 3737,
      "matching_bytes": 786692,
      "total_funcs": 7652,
      "total_bytes": 1820464
    }
  },
  "git": {
    "commit_hash": "be1342172dae3b186b298b3798305f31c378427e",
    "commit_hash_short": "be13421",
    "commit_timestamp": 1781585246
  }
}