{
  "total": {
    "matching_ratio": 0.3589389168608626,
    "matching_funcs": 4442,
    "matching_bytes": 1150896,
    "total_funcs": 10918,
    "total_bytes": 3206384
  },
  "core": {
    "matching_ratio": 0.8394208549971115,
    "matching_funcs": 1588,
    "matching_bytes": 464972,
    "total_funcs": 1655,
    "total_bytes": 553920
  },
  "dll": {
    "matching_ratio": 0.2585987971938545,
    "matching_funcs": 2854,
    "matching_bytes": 685924,
    "total_funcs": 9263,
    "total_bytes": 2652464
  },
  "git": {
    "commit_hash": "873dcf10fdb639998b18bea4c9504b0e913d3ce2",
    "commit_hash_short": "873dcf1",
    "commit_timestamp": 1770909365
  }
}