{
  "total": {
    "matching_ratio": 0.419006581869171,
    "matching_funcs": 5385,
    "matching_bytes": 1343496,
    "total_funcs": 10917,
    "total_bytes": 3206384
  },
  "core": {
    "matching_ratio": 0.8457755632582322,
    "matching_funcs": 1590,
    "matching_bytes": 468492,
    "total_funcs": 1654,
    "total_bytes": 553920
  },
  "dll": {
    "matching_ratio": 0.32988345930425444,
    "matching_funcs": 3795,
    "matching_bytes": 875004,
    "total_funcs": 9263,
    "total_bytes": 2652464
  },
  "git": {
    "commit_hash": "5b859e502c6c65dc80a3a13302e10b500df946d1",
    "commit_hash_short": "5b859e5",
    "commit_timestamp": 1775165360
  }
}