{
  "total": {
    "matching_ratio": 0.1314133793776285,
    "matching_funcs": 1843,
    "matching_bytes": 421336,
    "total_funcs": 10930,
    "total_bytes": 3206188
  },
  "core": {
    "matching_ratio": 0.604055450007585,
    "matching_funcs": 1344,
    "matching_bytes": 334480,
    "total_funcs": 1667,
    "total_bytes": 553724
  },
  "dll": {
    "matching_ratio": 0.03274540201111118,
    "matching_funcs": 499,
    "matching_bytes": 86856,
    "total_funcs": 9263,
    "total_bytes": 2652464
  },
  "git": {
    "commit_hash": "04d587cd01f064b4f246cdd0f944f6b6508430a8",
    "commit_hash_short": "04d587c",
    "commit_timestamp": 1758488015
  }
}