{
  "total": {
    "matching_ratio": 0.3965376573735398,
    "matching_funcs": 5175,
    "matching_bytes": 1271452,
    "total_funcs": 10917,
    "total_bytes": 3206384
  },
  "core": {
    "matching_ratio": 0.8418038705950318,
    "matching_funcs": 1589,
    "matching_bytes": 466292,
    "total_funcs": 1654,
    "total_bytes": 553920
  },
  "dll": {
    "matching_ratio": 0.30355171644176887,
    "matching_funcs": 3586,
    "matching_bytes": 805160,
    "total_funcs": 9263,
    "total_bytes": 2652464
  },
  "git": {
    "commit_hash": "edbe5344c2e701b711315cfc74972d0bccf5a9e3",
    "commit_hash_short": "edbe534",
    "commit_timestamp": 1773182320
  }
}