{
  "total": {
    "matching_ratio": 0.26499070527615937,
    "matching_funcs": 3305,
    "matching_bytes": 849592,
    "total_funcs": 10933,
    "total_bytes": 3206120
  },
  "core": {
    "matching_ratio": 0.6453176701778722,
    "matching_funcs": 1421,
    "matching_bytes": 357284,
    "total_funcs": 1670,
    "total_bytes": 553656
  },
  "dll": {
    "matching_ratio": 0.18560402704805795,
    "matching_funcs": 1884,
    "matching_bytes": 492308,
    "total_funcs": 9263,
    "total_bytes": 2652464
  },
  "git": {
    "commit_hash": "e6701de674fc77c7c58181db5ce7ea52ab6c25fe",
    "commit_hash_short": "e6701de",
    "commit_timestamp": 1762880634
  }
}