{
  "total": {
    "matching_ratio": 0.06542573029857066,
    "matching_funcs": 929,
    "matching_bytes": 207700,
    "total_funcs": 10882,
    "total_bytes": 3174592
  },
  "core": {
    "matching_ratio": 0.3689374909882905,
    "matching_funcs": 816,
    "matching_bytes": 194464,
    "total_funcs": 1620,
    "total_bytes": 527092
  },
  "dll": {
    "matching_ratio": 0.0049994334277620395,
    "matching_funcs": 113,
    "matching_bytes": 13236,
    "total_funcs": 9262,
    "total_bytes": 2647500
  },
  "git": {
    "commit_hash": "e1f52acd00aef1baaa6eedfa914d70a3fc5bd617",
    "commit_hash_short": "e1f52ac",
    "commit_timestamp": 1742681353
  }
}