{
  "total": {
    "matching_ratio": 0.30038301747907126,
    "matching_funcs": 3898,
    "matching_bytes": 963064,
    "total_funcs": 10933,
    "total_bytes": 3206120
  },
  "core": {
    "matching_ratio": 0.6462207580158077,
    "matching_funcs": 1423,
    "matching_bytes": 357784,
    "total_funcs": 1670,
    "total_bytes": 553656
  },
  "dll": {
    "matching_ratio": 0.22819536853280573,
    "matching_funcs": 2475,
    "matching_bytes": 605280,
    "total_funcs": 9263,
    "total_bytes": 2652464
  },
  "git": {
    "commit_hash": "ed13210eb844f7fb333fafa249e39d2fba47ab86",
    "commit_hash_short": "ed13210",
    "commit_timestamp": 1764015031
  }
}