{
  "total": {
    "matching_ratio": 0.3113112563612795,
    "matching_funcs": 3993,
    "matching_bytes": 998100,
    "total_funcs": 10933,
    "total_bytes": 3206116
  },
  "core": {
    "matching_ratio": 0.6754423356187641,
    "matching_funcs": 1434,
    "matching_bytes": 373960,
    "total_funcs": 1670,
    "total_bytes": 553652
  },
  "dll": {
    "matching_ratio": 0.23530573836251878,
    "matching_funcs": 2559,
    "matching_bytes": 624140,
    "total_funcs": 9263,
    "total_bytes": 2652464
  },
  "git": {
    "commit_hash": "dc38e334d9b18e493b9f47c8e4d659022284d947",
    "commit_hash_short": "dc38e33",
    "commit_timestamp": 1764833290
  }
}