{
  "total": {
    "matching_ratio": 0.05612985334027521,
    "matching_funcs": 798,
    "matching_bytes": 178532,
    "total_funcs": 10903,
    "total_bytes": 3180696
  },
  "core": {
    "matching_ratio": 0.31000982753058914,
    "matching_funcs": 685,
    "matching_bytes": 165296,
    "total_funcs": 1641,
    "total_bytes": 533196
  },
  "dll": {
    "matching_ratio": 0.0049994334277620395,
    "matching_funcs": 113,
    "matching_bytes": 13236,
    "total_funcs": 9262,
    "total_bytes": 2647500
  },
  "git": {
    "commit_hash": "e522654b29518b2b036e5b7009934ff2517477f1",
    "commit_hash_short": "e522654",
    "commit_timestamp": 1740720366
  }
}