{
  "total": {
    "matching_ratio": 0.4864389365612555,
    "matching_funcs": 6001,
    "matching_bytes": 1560500,
    "total_funcs": 11012,
    "total_bytes": 3208008
  },
  "core": {
    "matching_ratio": 0.9576937075813047,
    "matching_funcs": 1724,
    "matching_bytes": 536772,
    "total_funcs": 1749,
    "total_bytes": 560484
  },
  "dll": {
    "matching_ratio": 0.3866737374240989,
    "matching_funcs": 4277,
    "matching_bytes": 1023728,
    "total_funcs": 9263,
    "total_bytes": 2647524,
    "engine": {
      "matching_ratio": 0.4466291812496414,
      "matching_funcs": 753,
      "matching_bytes": 311372,
      "total_funcs": 1293,
      "total_bytes": 697160
    },
    "modgfx": {
      "matching_ratio": 0.0,
      "matching_funcs": 0,
      "matching_bytes": 0,
      "total_funcs": 246,
      "total_bytes": 101256
    },
    "projgfx": {
      "matching_ratio": 0.0,
      "matching_funcs": 0,
      "matching_bytes": 0,
      "total_funcs": 72,
      "total_bytes": 28644
    },
    "objects": {
      "matching_ratio": 0.3913046344228724,
      "matching_funcs": 3524,
      "matching_bytes": 712356,
      "total_funcs": 7652,
      "total_bytes": 1820464
    }
  },
  "git": {
    "commit_hash": "21a39df22c782ab6107f15c036228e09335308a3",
    "commit_hash_short": "21a39df",
    "commit_timestamp": 1779602138
  }
}