{
  "total": {
    "matching_ratio": 0.0627579846078634,
    "matching_funcs": 879,
    "matching_bytes": 199232,
    "total_funcs": 10882,
    "total_bytes": 3174608
  },
  "core": {
    "matching_ratio": 0.35286127321156197,
    "matching_funcs": 766,
    "matching_bytes": 185996,
    "total_funcs": 1620,
    "total_bytes": 527108
  },
  "dll": {
    "matching_ratio": 0.0049994334277620395,
    "matching_funcs": 113,
    "matching_bytes": 13236,
    "total_funcs": 9262,
    "total_bytes": 2647500
  },
  "git": {
    "commit_hash": "37f13dc27743c668cbb94893fd127abda8544d69",
    "commit_hash_short": "37f13dc",
    "commit_timestamp": 1741356745
  }
}