{
  "total": {
    "matching_ratio": 0.2962459296595262,
    "matching_funcs": 3821,
    "matching_bytes": 949800,
    "total_funcs": 10933,
    "total_bytes": 3206120
  },
  "core": {
    "matching_ratio": 0.6462207580158077,
    "matching_funcs": 1423,
    "matching_bytes": 357784,
    "total_funcs": 1670,
    "total_bytes": 553656
  },
  "dll": {
    "matching_ratio": 0.22319473515945928,
    "matching_funcs": 2398,
    "matching_bytes": 592016,
    "total_funcs": 9263,
    "total_bytes": 2652464
  },
  "git": {
    "commit_hash": "cc7a8defe0f5cf149c7c71044ac1bc795a89c00e",
    "commit_hash_short": "cc7a8de",
    "commit_timestamp": 1763802586
  }
}