{
  "total": {
    "matching_ratio": 0.3886895643191832,
    "matching_funcs": 4985,
    "matching_bytes": 1246288,
    "total_funcs": 10917,
    "total_bytes": 3206384
  },
  "core": {
    "matching_ratio": 0.839391969959561,
    "matching_funcs": 1587,
    "matching_bytes": 464956,
    "total_funcs": 1654,
    "total_bytes": 553920
  },
  "dll": {
    "matching_ratio": 0.29456837114471673,
    "matching_funcs": 3398,
    "matching_bytes": 781332,
    "total_funcs": 9263,
    "total_bytes": 2652464
  },
  "git": {
    "commit_hash": "a587d4233fdca9413e8541efcd18494b283895a1",
    "commit_hash_short": "a587d42",
    "commit_timestamp": 1772488883
  }
}