{
  "total": {
    "matching_ratio": 0.38146023682752905,
    "matching_funcs": 4845,
    "matching_bytes": 1223108,
    "total_funcs": 10917,
    "total_bytes": 3206384
  },
  "core": {
    "matching_ratio": 0.839391969959561,
    "matching_funcs": 1587,
    "matching_bytes": 464956,
    "total_funcs": 1654,
    "total_bytes": 553920
  },
  "dll": {
    "matching_ratio": 0.28582932699557845,
    "matching_funcs": 3258,
    "matching_bytes": 758152,
    "total_funcs": 9263,
    "total_bytes": 2652464
  },
  "git": {
    "commit_hash": "b8aeb241820ab9cb24fcdf20d1a6cee358a0b548",
    "commit_hash_short": "b8aeb24",
    "commit_timestamp": 1772144160
  }
}