{
  "total": {
    "matching_ratio": 0.3379171053747773,
    "matching_funcs": 4208,
    "matching_bytes": 1083492,
    "total_funcs": 10924,
    "total_bytes": 3206384
  },
  "core": {
    "matching_ratio": 0.7933492201039861,
    "matching_funcs": 1563,
    "matching_bytes": 439452,
    "total_funcs": 1661,
    "total_bytes": 553920
  },
  "dll": {
    "matching_ratio": 0.24280819645431567,
    "matching_funcs": 2645,
    "matching_bytes": 644040,
    "total_funcs": 9263,
    "total_bytes": 2652464
  },
  "git": {
    "commit_hash": "99e1fa457e4cf92bf48594226753102f073037ac",
    "commit_hash_short": "99e1fa4",
    "commit_timestamp": 1768776729
  }
}