{
  "total": {
    "matching_ratio": 0.07338988304491469,
    "matching_funcs": 1090,
    "matching_bytes": 232980,
    "total_funcs": 10881,
    "total_bytes": 3174552
  },
  "core": {
    "matching_ratio": 0.4039070148676032,
    "matching_funcs": 957,
    "matching_bytes": 212880,
    "total_funcs": 1619,
    "total_bytes": 527052
  },
  "dll": {
    "matching_ratio": 0.007592067988668555,
    "matching_funcs": 133,
    "matching_bytes": 20100,
    "total_funcs": 9262,
    "total_bytes": 2647500
  },
  "git": {
    "commit_hash": "5be8a88ddece250f545a922bfc43c2b09fda898f",
    "commit_hash_short": "5be8a88",
    "commit_timestamp": 1744823853
  }
}