{
  "total": {
    "matching_ratio": 0.26988509475627864,
    "matching_funcs": 3349,
    "matching_bytes": 865284,
    "total_funcs": 10933,
    "total_bytes": 3206120
  },
  "core": {
    "matching_ratio": 0.6453176701778722,
    "matching_funcs": 1421,
    "matching_bytes": 357284,
    "total_funcs": 1670,
    "total_bytes": 553656
  },
  "dll": {
    "matching_ratio": 0.1915200357101925,
    "matching_funcs": 1928,
    "matching_bytes": 508000,
    "total_funcs": 9263,
    "total_bytes": 2652464
  },
  "git": {
    "commit_hash": "848b9e525eae6684706d232ee7f3441d3654e12e",
    "commit_hash_short": "848b9e5",
    "commit_timestamp": 1763009969
  }
}