{
  "total": {
    "matching_ratio": 0.41859739819060976,
    "matching_funcs": 5379,
    "matching_bytes": 1342184,
    "total_funcs": 10917,
    "total_bytes": 3206384
  },
  "core": {
    "matching_ratio": 0.8457755632582322,
    "matching_funcs": 1590,
    "matching_bytes": 468492,
    "total_funcs": 1654,
    "total_bytes": 553920
  },
  "dll": {
    "matching_ratio": 0.3293888248813179,
    "matching_funcs": 3789,
    "matching_bytes": 873692,
    "total_funcs": 9263,
    "total_bytes": 2652464
  },
  "git": {
    "commit_hash": "aea4459cefd7f98cd89c3d9faf84b8c64b22f7bc",
    "commit_hash_short": "aea4459",
    "commit_timestamp": 1774623936
  }
}