{
  "total": {
    "matching_ratio": 0.09102192071146235,
    "matching_funcs": 1366,
    "matching_bytes": 288952,
    "total_funcs": 10874,
    "total_bytes": 3174532
  },
  "core": {
    "matching_ratio": 0.438500887991621,
    "matching_funcs": 1074,
    "matching_bytes": 231104,
    "total_funcs": 1612,
    "total_bytes": 527032
  },
  "dll": {
    "matching_ratio": 0.021850047214353165,
    "matching_funcs": 292,
    "matching_bytes": 57848,
    "total_funcs": 9262,
    "total_bytes": 2647500
  },
  "git": {
    "commit_hash": "5c508ee32ab23338764fec9185668b21dca35ba3",
    "commit_hash_short": "5c508ee",
    "commit_timestamp": 1753053566
  }
}