{
  "total": {
    "matching_ratio": 0.3573121622363385,
    "matching_funcs": 4406,
    "matching_bytes": 1145680,
    "total_funcs": 10918,
    "total_bytes": 3206384
  },
  "core": {
    "matching_ratio": 0.8394208549971115,
    "matching_funcs": 1588,
    "matching_bytes": 464972,
    "total_funcs": 1655,
    "total_bytes": 553920
  },
  "dll": {
    "matching_ratio": 0.2566323237563262,
    "matching_funcs": 2818,
    "matching_bytes": 680708,
    "total_funcs": 9263,
    "total_bytes": 2652464
  },
  "git": {
    "commit_hash": "10d553899cb1bd918c139cb8169c082fac7a750f",
    "commit_hash_short": "10d5538",
    "commit_timestamp": 1770584699
  }
}