{
  "total": {
    "matching_ratio": 0.27539705313587765,
    "matching_funcs": 3473,
    "matching_bytes": 882956,
    "total_funcs": 10933,
    "total_bytes": 3206120
  },
  "core": {
    "matching_ratio": 0.6462207580158077,
    "matching_funcs": 1423,
    "matching_bytes": 357784,
    "total_funcs": 1670,
    "total_bytes": 553656
  },
  "dll": {
    "matching_ratio": 0.19799401612990788,
    "matching_funcs": 2050,
    "matching_bytes": 525172,
    "total_funcs": 9263,
    "total_bytes": 2652464
  },
  "git": {
    "commit_hash": "76fa012db0bd32befc6765c5be1983ce08eb94b2",
    "commit_hash_short": "76fa012",
    "commit_timestamp": 1763141856
  }
}