{
  "total": {
    "matching_ratio": 0.1418105782162703,
    "matching_funcs": 1993,
    "matching_bytes": 454664,
    "total_funcs": 10930,
    "total_bytes": 3206136
  },
  "core": {
    "matching_ratio": 0.6296579924576283,
    "matching_funcs": 1394,
    "matching_bytes": 348624,
    "total_funcs": 1667,
    "total_bytes": 553672
  },
  "dll": {
    "matching_ratio": 0.039977922414781125,
    "matching_funcs": 599,
    "matching_bytes": 106040,
    "total_funcs": 9263,
    "total_bytes": 2652464
  },
  "git": {
    "commit_hash": "9feeadfff7a2750af900345b69275a18b5e6bba3",
    "commit_hash_short": "9feeadf",
    "commit_timestamp": 1759371857
  }
}