{
  "total": {
    "matching_ratio": 0.0738047087137034,
    "matching_funcs": 1095,
    "matching_bytes": 234296,
    "total_funcs": 10881,
    "total_bytes": 3174540
  },
  "core": {
    "matching_ratio": 0.4039162112932605,
    "matching_funcs": 957,
    "matching_bytes": 212880,
    "total_funcs": 1619,
    "total_bytes": 527040
  },
  "dll": {
    "matching_ratio": 0.008089140698772427,
    "matching_funcs": 138,
    "matching_bytes": 21416,
    "total_funcs": 9262,
    "total_bytes": 2647500
  },
  "git": {
    "commit_hash": "714036df7381077af10e92a575cb97c2684aaa6b",
    "commit_hash_short": "714036d",
    "commit_timestamp": 1745000473
  }
}