{
  "total": {
    "matching_ratio": 0.06629135334556378,
    "matching_funcs": 936,
    "matching_bytes": 210448,
    "total_funcs": 10882,
    "total_bytes": 3174592
  },
  "core": {
    "matching_ratio": 0.37415100210209984,
    "matching_funcs": 823,
    "matching_bytes": 197212,
    "total_funcs": 1620,
    "total_bytes": 527092
  },
  "dll": {
    "matching_ratio": 0.0049994334277620395,
    "matching_funcs": 113,
    "matching_bytes": 13236,
    "total_funcs": 9262,
    "total_bytes": 2647500
  },
  "git": {
    "commit_hash": "4269cd6bcfda7758299c69f5ace2f64b62cdd306",
    "commit_hash_short": "4269cd6",
    "commit_timestamp": 1742775759
  }
}