{
  "total": {
    "matching_ratio": 0.05542050492030056,
    "matching_funcs": 795,
    "matching_bytes": 176276,
    "total_funcs": 10904,
    "total_bytes": 3180700
  },
  "core": {
    "matching_ratio": 0.3057764441110278,
    "matching_funcs": 682,
    "matching_bytes": 163040,
    "total_funcs": 1642,
    "total_bytes": 533200
  },
  "dll": {
    "matching_ratio": 0.0049994334277620395,
    "matching_funcs": 113,
    "matching_bytes": 13236,
    "total_funcs": 9262,
    "total_bytes": 2647500
  },
  "git": {
    "commit_hash": "c9ed25a62edd7cc218df11a2ea93d8e71b5cf9f0",
    "commit_hash_short": "c9ed25a",
    "commit_timestamp": 1740291964
  }
}