{
  "total": {
    "matching_ratio": 0.17263294212465363,
    "matching_funcs": 2437,
    "matching_bytes": 553484,
    "total_funcs": 10930,
    "total_bytes": 3206132
  },
  "core": {
    "matching_ratio": 0.6360273665806946,
    "matching_funcs": 1408,
    "matching_bytes": 352148,
    "total_funcs": 1667,
    "total_bytes": 553668
  },
  "dll": {
    "matching_ratio": 0.07590527147588054,
    "matching_funcs": 1029,
    "matching_bytes": 201336,
    "total_funcs": 9263,
    "total_bytes": 2652464
  },
  "git": {
    "commit_hash": "9548348584dd1d5e7cd003220f7d93d0ba5b8b91",
    "commit_hash_short": "9548348",
    "commit_timestamp": 1760302173
  }
}