{
  "total": {
    "matching_ratio": 0.2194440632290744,
    "matching_funcs": 3056,
    "matching_bytes": 703564,
    "total_funcs": 10930,
    "total_bytes": 3206120
  },
  "core": {
    "matching_ratio": 0.64072998396116,
    "matching_funcs": 1415,
    "matching_bytes": 354744,
    "total_funcs": 1667,
    "total_bytes": 553656
  },
  "dll": {
    "matching_ratio": 0.13150791113470342,
    "matching_funcs": 1641,
    "matching_bytes": 348820,
    "total_funcs": 9263,
    "total_bytes": 2652464
  },
  "git": {
    "commit_hash": "89fddf121e05dc3a500064080bba1be369eba45c",
    "commit_hash_short": "89fddf1",
    "commit_timestamp": 1761524698
  }
}