{
  "total": {
    "matching_ratio": 0.13914818335841025,
    "matching_funcs": 1964,
    "matching_bytes": 446128,
    "total_funcs": 10930,
    "total_bytes": 3206136
  },
  "core": {
    "matching_ratio": 0.6272305624990969,
    "matching_funcs": 1390,
    "matching_bytes": 347280,
    "total_funcs": 1667,
    "total_bytes": 553672
  },
  "dll": {
    "matching_ratio": 0.037266481279293516,
    "matching_funcs": 574,
    "matching_bytes": 98848,
    "total_funcs": 9263,
    "total_bytes": 2652464
  },
  "git": {
    "commit_hash": "9a7b18d5572dd222d2a9a6e911448e6600834cac",
    "commit_hash_short": "9a7b18d",
    "commit_timestamp": 1759296191
  }
}