{
  "total": {
    "matching_ratio": 0.35060429443260693,
    "matching_funcs": 4345,
    "matching_bytes": 1124172,
    "total_funcs": 10918,
    "total_bytes": 3206384
  },
  "core": {
    "matching_ratio": 0.8056542461005199,
    "matching_funcs": 1569,
    "matching_bytes": 446268,
    "total_funcs": 1655,
    "total_bytes": 553920
  },
  "dll": {
    "matching_ratio": 0.255575193480477,
    "matching_funcs": 2776,
    "matching_bytes": 677904,
    "total_funcs": 9263,
    "total_bytes": 2652464
  },
  "git": {
    "commit_hash": "bdbb6624f1f27d16f5629ba2e53b2cb8de76eb76",
    "commit_hash_short": "bdbb662",
    "commit_timestamp": 1770340478
  }
}