{
  "total": {
    "matching_ratio": 0.319366658889844,
    "matching_funcs": 4095,
    "matching_bytes": 1023924,
    "total_funcs": 10927,
    "total_bytes": 3206108
  },
  "core": {
    "matching_ratio": 0.6861521121876152,
    "matching_funcs": 1450,
    "matching_bytes": 379884,
    "total_funcs": 1664,
    "total_bytes": 553644
  },
  "dll": {
    "matching_ratio": 0.24280819645431567,
    "matching_funcs": 2645,
    "matching_bytes": 644040,
    "total_funcs": 9263,
    "total_bytes": 2652464
  },
  "git": {
    "commit_hash": "f30b8286e7d1b6d675a497bafbc23c888e37b0fc",
    "commit_hash_short": "f30b828",
    "commit_timestamp": 1765896335
  }
}