{
  "total": {
    "matching_ratio": 0.3375877624139841,
    "matching_funcs": 4205,
    "matching_bytes": 1082436,
    "total_funcs": 10924,
    "total_bytes": 3206384
  },
  "core": {
    "matching_ratio": 0.7914428076256499,
    "matching_funcs": 1560,
    "matching_bytes": 438396,
    "total_funcs": 1661,
    "total_bytes": 553920
  },
  "dll": {
    "matching_ratio": 0.24280819645431567,
    "matching_funcs": 2645,
    "matching_bytes": 644040,
    "total_funcs": 9263,
    "total_bytes": 2652464
  },
  "git": {
    "commit_hash": "7903bb14c2c33dc48b9fa07d2ffdb44edf9508d8",
    "commit_hash_short": "7903bb1",
    "commit_timestamp": 1768770071
  }
}