{
  "total": {
    "matching_ratio": 0.0816105640502246,
    "matching_funcs": 1175,
    "matching_bytes": 259076,
    "total_funcs": 10871,
    "total_bytes": 3174540
  },
  "core": {
    "matching_ratio": 0.42031724347298116,
    "matching_funcs": 988,
    "matching_bytes": 221524,
    "total_funcs": 1609,
    "total_bytes": 527040
  },
  "dll": {
    "matching_ratio": 0.014183947119924456,
    "matching_funcs": 187,
    "matching_bytes": 37552,
    "total_funcs": 9262,
    "total_bytes": 2647500
  },
  "git": {
    "commit_hash": "0c001660d3b31d67ed9d0494d62604580c8adf34",
    "commit_hash_short": "0c00166",
    "commit_timestamp": 1746060114
  }
}