{
  "total": {
    "matching_ratio": 0.09388092481033425,
    "matching_funcs": 1381,
    "matching_bytes": 298028,
    "total_funcs": 10874,
    "total_bytes": 3174532
  },
  "core": {
    "matching_ratio": 0.438500887991621,
    "matching_funcs": 1074,
    "matching_bytes": 231104,
    "total_funcs": 1612,
    "total_bytes": 527032
  },
  "dll": {
    "matching_ratio": 0.025278186968838528,
    "matching_funcs": 307,
    "matching_bytes": 66924,
    "total_funcs": 9262,
    "total_bytes": 2647500
  },
  "git": {
    "commit_hash": "9ac97b2ef9e7214282e80d6f3b2bcb75061f5814",
    "commit_hash_short": "9ac97b2",
    "commit_timestamp": 1753054292
  }
}