{
  "total": {
    "matching_ratio": 0.1630063890070652,
    "matching_funcs": 2347,
    "matching_bytes": 522620,
    "total_funcs": 10930,
    "total_bytes": 3206132
  },
  "core": {
    "matching_ratio": 0.6360273665806946,
    "matching_funcs": 1408,
    "matching_bytes": 352148,
    "total_funcs": 1667,
    "total_bytes": 553668
  },
  "dll": {
    "matching_ratio": 0.06426929828265342,
    "matching_funcs": 939,
    "matching_bytes": 170472,
    "total_funcs": 9263,
    "total_bytes": 2652464
  },
  "git": {
    "commit_hash": "42bf2bdb87f28b8063a395b7eec4a9ff7ab9ad11",
    "commit_hash_short": "42bf2bd",
    "commit_timestamp": 1760163329
  }
}