{
  "total": {
    "matching_ratio": 0.16073948296576684,
    "matching_funcs": 2292,
    "matching_bytes": 515352,
    "total_funcs": 10930,
    "total_bytes": 3206132
  },
  "core": {
    "matching_ratio": 0.6360273665806946,
    "matching_funcs": 1408,
    "matching_bytes": 352148,
    "total_funcs": 1667,
    "total_bytes": 553668
  },
  "dll": {
    "matching_ratio": 0.061529204543398136,
    "matching_funcs": 884,
    "matching_bytes": 163204,
    "total_funcs": 9263,
    "total_bytes": 2652464
  },
  "git": {
    "commit_hash": "18a132d3ff5d8b5a127d423430194328cab00714",
    "commit_hash_short": "18a132d",
    "commit_timestamp": 1759955204
  }
}