{
  "total": {
    "matching_ratio": 0.06671731890878438,
    "matching_funcs": 940,
    "matching_bytes": 211800,
    "total_funcs": 10882,
    "total_bytes": 3174588
  },
  "core": {
    "matching_ratio": 0.3767188780621073,
    "matching_funcs": 827,
    "matching_bytes": 198564,
    "total_funcs": 1620,
    "total_bytes": 527088
  },
  "dll": {
    "matching_ratio": 0.0049994334277620395,
    "matching_funcs": 113,
    "matching_bytes": 13236,
    "total_funcs": 9262,
    "total_bytes": 2647500
  },
  "git": {
    "commit_hash": "c89a70133965413bfd78db5f01a96e2fd8774a6d",
    "commit_hash_short": "c89a701",
    "commit_timestamp": 1742868575
  }
}