{
  "total": {
    "matching_ratio": 0.12343497753364954,
    "matching_funcs": 1627,
    "matching_bytes": 395144,
    "total_funcs": 10929,
    "total_bytes": 3201232
  },
  "core": {
    "matching_ratio": 0.5925899171440335,
    "matching_funcs": 1319,
    "matching_bytes": 328136,
    "total_funcs": 1667,
    "total_bytes": 553732
  },
  "dll": {
    "matching_ratio": 0.025309915014164307,
    "matching_funcs": 308,
    "matching_bytes": 67008,
    "total_funcs": 9262,
    "total_bytes": 2647500
  },
  "git": {
    "commit_hash": "2ec96e39e1052a7992a40725fb7ac79509a25aac",
    "commit_hash_short": "2ec96e3",
    "commit_timestamp": 1757455080
  }
}