{
  "total": {
    "matching_ratio": 0.33245051453407504,
    "matching_funcs": 4187,
    "matching_bytes": 1065968,
    "total_funcs": 10926,
    "total_bytes": 3206396
  },
  "core": {
    "matching_ratio": 0.7616963815053112,
    "matching_funcs": 1542,
    "matching_bytes": 421928,
    "total_funcs": 1663,
    "total_bytes": 553932
  },
  "dll": {
    "matching_ratio": 0.24280819645431567,
    "matching_funcs": 2645,
    "matching_bytes": 644040,
    "total_funcs": 9263,
    "total_bytes": 2652464
  },
  "git": {
    "commit_hash": "c967fd2741501088a4872f468c59a893649f06bd",
    "commit_hash_short": "c967fd2",
    "commit_timestamp": 1767497658
  }
}