{
  "total": {
    "matching_ratio": 0.48600252867199834,
    "matching_funcs": 6000,
    "matching_bytes": 1559100,
    "total_funcs": 11012,
    "total_bytes": 3208008
  },
  "core": {
    "matching_ratio": 0.9576937075813047,
    "matching_funcs": 1724,
    "matching_bytes": 536772,
    "total_funcs": 1749,
    "total_bytes": 560484
  },
  "dll": {
    "matching_ratio": 0.386144941462287,
    "matching_funcs": 4276,
    "matching_bytes": 1022328,
    "total_funcs": 9263,
    "total_bytes": 2647524,
    "engine": {
      "matching_ratio": 0.44462103390900226,
      "matching_funcs": 752,
      "matching_bytes": 309972,
      "total_funcs": 1293,
      "total_bytes": 697160
    },
    "modgfx": {
      "matching_ratio": 0.0,
      "matching_funcs": 0,
      "matching_bytes": 0,
      "total_funcs": 246,
      "total_bytes": 101256
    },
    "projgfx": {
      "matching_ratio": 0.0,
      "matching_funcs": 0,
      "matching_bytes": 0,
      "total_funcs": 72,
      "total_bytes": 28644
    },
    "objects": {
      "matching_ratio": 0.3913046344228724,
      "matching_funcs": 3524,
      "matching_bytes": 712356,
      "total_funcs": 7652,
      "total_bytes": 1820464
    }
  },
  "git": {
    "commit_hash": "77abe6e8a07219326d5a68b7685b4f32ad9362c5",
    "commit_hash_short": "77abe6e",
    "commit_timestamp": 1779568024
  }
}