{
  "total": {
    "matching_ratio": 0.3855009256533216,
    "matching_funcs": 4939,
    "matching_bytes": 1236064,
    "total_funcs": 10917,
    "total_bytes": 3206384
  },
  "core": {
    "matching_ratio": 0.839391969959561,
    "matching_funcs": 1587,
    "matching_bytes": 464956,
    "total_funcs": 1654,
    "total_bytes": 553920
  },
  "dll": {
    "matching_ratio": 0.290713841922077,
    "matching_funcs": 3352,
    "matching_bytes": 771108,
    "total_funcs": 9263,
    "total_bytes": 2652464
  },
  "git": {
    "commit_hash": "590446adb92c56f26d8db6b35f77d03affaa2936",
    "commit_hash_short": "590446a",
    "commit_timestamp": 1772318391
  }
}