{
  "total": {
    "matching_ratio": 0.4412896271937485,
    "matching_funcs": 5569,
    "matching_bytes": 1414944,
    "total_funcs": 10917,
    "total_bytes": 3206384
  },
  "core": {
    "matching_ratio": 0.9041088965915656,
    "matching_funcs": 1614,
    "matching_bytes": 500804,
    "total_funcs": 1654,
    "total_bytes": 553920
  },
  "dll": {
    "matching_ratio": 0.3446380422128255,
    "matching_funcs": 3955,
    "matching_bytes": 914140,
    "total_funcs": 9263,
    "total_bytes": 2652464
  },
  "git": {
    "commit_hash": "9184a6e25450d9949037823de83a73621f49862c",
    "commit_hash_short": "9184a6e",
    "commit_timestamp": 1777337929
  }
}