{
  "total": {
    "matching_ratio": 0.08753668257242328,
    "matching_funcs": 1325,
    "matching_bytes": 277888,
    "total_funcs": 10873,
    "total_bytes": 3174532
  },
  "core": {
    "matching_ratio": 0.43664141835789855,
    "matching_funcs": 1071,
    "matching_bytes": 230124,
    "total_funcs": 1611,
    "total_bytes": 527032
  },
  "dll": {
    "matching_ratio": 0.01804117091595845,
    "matching_funcs": 254,
    "matching_bytes": 47764,
    "total_funcs": 9262,
    "total_bytes": 2647500
  },
  "git": {
    "commit_hash": "ed9138c120f326d428682681c2d25f2a3df9da5f",
    "commit_hash_short": "ed9138c",
    "commit_timestamp": 1749267977
  }
}