{
  "total": {
    "matching_ratio": 0.5158478407784519,
    "matching_funcs": 6260,
    "matching_bytes": 1654844,
    "total_funcs": 11012,
    "total_bytes": 3208008
  },
  "core": {
    "matching_ratio": 0.9679063095467488,
    "matching_funcs": 1739,
    "matching_bytes": 542496,
    "total_funcs": 1749,
    "total_bytes": 560484
  },
  "dll": {
    "matching_ratio": 0.42014652180679,
    "matching_funcs": 4521,
    "matching_bytes": 1112348,
    "total_funcs": 9263,
    "total_bytes": 2647524,
    "engine": {
      "matching_ratio": 0.4583969246657869,
      "matching_funcs": 764,
      "matching_bytes": 319576,
      "total_funcs": 1293,
      "total_bytes": 697160
    },
    "modgfx": {
      "matching_ratio": 0.0,
      "matching_funcs": 0,
      "matching_bytes": 0,
      "total_funcs": 246,
      "total_bytes": 101256
    },
    "projgfx": {
      "matching_ratio": 0.0,
      "matching_funcs": 0,
      "matching_bytes": 0,
      "total_funcs": 72,
      "total_bytes": 28644
    },
    "objects": {
      "matching_ratio": 0.43547798802942544,
      "matching_funcs": 3757,
      "matching_bytes": 792772,
      "total_funcs": 7652,
      "total_bytes": 1820464
    }
  },
  "git": {
    "commit_hash": "6615627aa2fefbcf82b652880d6db64aba3f1609",
    "commit_hash_short": "6615627",
    "commit_timestamp": 1781741394
  }
}