{
  "total": {
    "matching_ratio": 0.33041583135707503,
    "matching_funcs": 4181,
    "matching_bytes": 1059444,
    "total_funcs": 10926,
    "total_bytes": 3206396
  },
  "core": {
    "matching_ratio": 0.7499187625917982,
    "matching_funcs": 1536,
    "matching_bytes": 415404,
    "total_funcs": 1663,
    "total_bytes": 553932
  },
  "dll": {
    "matching_ratio": 0.24280819645431567,
    "matching_funcs": 2645,
    "matching_bytes": 644040,
    "total_funcs": 9263,
    "total_bytes": 2652464
  },
  "git": {
    "commit_hash": "31a2e179841dff7fccef40916fe97336fc0139a2",
    "commit_hash_short": "31a2e17",
    "commit_timestamp": 1767411570
  }
}