{
  "total": {
    "matching_ratio": 0.36027125883861694,
    "matching_funcs": 4461,
    "matching_bytes": 1155168,
    "total_funcs": 10917,
    "total_bytes": 3206384
  },
  "core": {
    "matching_ratio": 0.839391969959561,
    "matching_funcs": 1587,
    "matching_bytes": 464956,
    "total_funcs": 1654,
    "total_bytes": 553920
  },
  "dll": {
    "matching_ratio": 0.2602154072590618,
    "matching_funcs": 2874,
    "matching_bytes": 690212,
    "total_funcs": 9263,
    "total_bytes": 2652464
  },
  "git": {
    "commit_hash": "d3648a4f1ffac8ebc4798468d0b02e7507473b62",
    "commit_hash_short": "d3648a4",
    "commit_timestamp": 1771107076
  }
}