{
  "total": {
    "matching_ratio": 0.33757528730183284,
    "matching_funcs": 4204,
    "matching_bytes": 1082396,
    "total_funcs": 10919,
    "total_bytes": 3206384
  },
  "core": {
    "matching_ratio": 0.7913705950317735,
    "matching_funcs": 1559,
    "matching_bytes": 438356,
    "total_funcs": 1656,
    "total_bytes": 553920
  },
  "dll": {
    "matching_ratio": 0.24280819645431567,
    "matching_funcs": 2645,
    "matching_bytes": 644040,
    "total_funcs": 9263,
    "total_bytes": 2652464
  },
  "git": {
    "commit_hash": "df5dfa216af2fa7bb6492ee9d7e0b38eaaf43204",
    "commit_hash_short": "df5dfa2",
    "commit_timestamp": 1768863099
  }
}