{
  "total": {
    "matching_ratio": 0.33699020454193884,
    "matching_funcs": 4202,
    "matching_bytes": 1080520,
    "total_funcs": 10926,
    "total_bytes": 3206384
  },
  "core": {
    "matching_ratio": 0.7879838243789717,
    "matching_funcs": 1557,
    "matching_bytes": 436480,
    "total_funcs": 1663,
    "total_bytes": 553920
  },
  "dll": {
    "matching_ratio": 0.24280819645431567,
    "matching_funcs": 2645,
    "matching_bytes": 644040,
    "total_funcs": 9263,
    "total_bytes": 2652464
  },
  "git": {
    "commit_hash": "36a43071607c02ae69974ca1fd550dea45cf2437",
    "commit_hash_short": "36a4307",
    "commit_timestamp": 1768527056
  }
}