{
  "total": {
    "matching_ratio": 0.18116726760071364,
    "matching_funcs": 2564,
    "matching_bytes": 580844,
    "total_funcs": 10930,
    "total_bytes": 3206120
  },
  "core": {
    "matching_ratio": 0.6370670596904937,
    "matching_funcs": 1413,
    "matching_bytes": 352716,
    "total_funcs": 1667,
    "total_bytes": 553656
  },
  "dll": {
    "matching_ratio": 0.08600606831987163,
    "matching_funcs": 1151,
    "matching_bytes": 228128,
    "total_funcs": 9263,
    "total_bytes": 2652464
  },
  "git": {
    "commit_hash": "f8a8ba66bbf0ba216a1cd0430ff59825b92310eb",
    "commit_hash_short": "f8a8ba6",
    "commit_timestamp": 1760557247
  }
}