{
  "total": {
    "matching_ratio": 0.14752106276347948,
    "matching_funcs": 2047,
    "matching_bytes": 472972,
    "total_funcs": 10930,
    "total_bytes": 3206132
  },
  "core": {
    "matching_ratio": 0.6360273665806946,
    "matching_funcs": 1408,
    "matching_bytes": 352148,
    "total_funcs": 1667,
    "total_bytes": 553668
  },
  "dll": {
    "matching_ratio": 0.0455516078634809,
    "matching_funcs": 639,
    "matching_bytes": 120824,
    "total_funcs": 9263,
    "total_bytes": 2652464
  },
  "git": {
    "commit_hash": "21b683161eacad7f5b232bb3ed2b65a8d239c378",
    "commit_hash_short": "21b6831",
    "commit_timestamp": 1759706314
  }
}