{
  "total": {
    "matching_ratio": 0.07380442972740721,
    "matching_funcs": 1095,
    "matching_bytes": 234296,
    "total_funcs": 10881,
    "total_bytes": 3174552
  },
  "core": {
    "matching_ratio": 0.4039070148676032,
    "matching_funcs": 957,
    "matching_bytes": 212880,
    "total_funcs": 1619,
    "total_bytes": 527052
  },
  "dll": {
    "matching_ratio": 0.008089140698772427,
    "matching_funcs": 138,
    "matching_bytes": 21416,
    "total_funcs": 9262,
    "total_bytes": 2647500
  },
  "git": {
    "commit_hash": "00bfe4eb42ca002d3bed986accd4c0a0dd9eb787",
    "commit_hash_short": "00bfe4e",
    "commit_timestamp": 1744955699
  }
}