{
  "total": {
    "matching_ratio": 0.08078650765150226,
    "matching_funcs": 1168,
    "matching_bytes": 256460,
    "total_funcs": 10871,
    "total_bytes": 3174540
  },
  "core": {
    "matching_ratio": 0.42031724347298116,
    "matching_funcs": 988,
    "matching_bytes": 221524,
    "total_funcs": 1609,
    "total_bytes": 527040
  },
  "dll": {
    "matching_ratio": 0.013195845136921625,
    "matching_funcs": 180,
    "matching_bytes": 34936,
    "total_funcs": 9262,
    "total_bytes": 2647500
  },
  "git": {
    "commit_hash": "2a5fdedcd20fb7fba35fafef92ab9ba62f9d9f91",
    "commit_hash_short": "2a5fded",
    "commit_timestamp": 1746024013
  }
}