{
  "total": {
    "matching_ratio": 0.46675195323702434,
    "matching_funcs": 5796,
    "matching_bytes": 1497344,
    "total_funcs": 11012,
    "total_bytes": 3208008
  },
  "core": {
    "matching_ratio": 0.9351845904611015,
    "matching_funcs": 1713,
    "matching_bytes": 524156,
    "total_funcs": 1749,
    "total_bytes": 560484
  },
  "dll": {
    "matching_ratio": 0.36758420320269053,
    "matching_funcs": 4083,
    "matching_bytes": 973188,
    "total_funcs": 9263,
    "total_bytes": 2647524,
    "engine": {
      "matching_ratio": 0.43016811062023064,
      "matching_funcs": 743,
      "matching_bytes": 299896,
      "total_funcs": 1293,
      "total_bytes": 697160
    },
    "modgfx": {
      "matching_ratio": 0.0,
      "matching_funcs": 0,
      "matching_bytes": 0,
      "total_funcs": 246,
      "total_bytes": 101256
    },
    "projgfx": {
      "matching_ratio": 0.0,
      "matching_funcs": 0,
      "matching_bytes": 0,
      "total_funcs": 72,
      "total_bytes": 28644
    },
    "objects": {
      "matching_ratio": 0.3698463688378347,
      "matching_funcs": 3340,
      "matching_bytes": 673292,
      "total_funcs": 7652,
      "total_bytes": 1820464
    }
  },
  "git": {
    "commit_hash": "0cc5857130f5d8fca3e3f4909675cd6f523eb543",
    "commit_hash_short": "0cc5857",
    "commit_timestamp": 1779004416
  }
}