{
  "total": {
    "matching_ratio": 0.43339038617957176,
    "matching_funcs": 5535,
    "matching_bytes": 1389616,
    "total_funcs": 10917,
    "total_bytes": 3206384
  },
  "core": {
    "matching_ratio": 0.8715771230502599,
    "matching_funcs": 1601,
    "matching_bytes": 482784,
    "total_funcs": 1654,
    "total_bytes": 553920
  },
  "dll": {
    "matching_ratio": 0.34188286815579777,
    "matching_funcs": 3934,
    "matching_bytes": 906832,
    "total_funcs": 9263,
    "total_bytes": 2652464
  },
  "git": {
    "commit_hash": "3ac9ea80d65739c4eee4d087c3e6f9b0632009c8",
    "commit_hash_short": "3ac9ea8",
    "commit_timestamp": 1776545884
  }
}