{
  "total": {
    "matching_ratio": 0.5382043935052531,
    "matching_funcs": 6459,
    "matching_bytes": 1726564,
    "total_funcs": 11012,
    "total_bytes": 3208008
  },
  "core": {
    "matching_ratio": 0.9679063095467488,
    "matching_funcs": 1739,
    "matching_bytes": 542496,
    "total_funcs": 1749,
    "total_bytes": 560484
  },
  "dll": {
    "matching_ratio": 0.44723598350760935,
    "matching_funcs": 4720,
    "matching_bytes": 1184068,
    "total_funcs": 9263,
    "total_bytes": 2647524,
    "engine": {
      "matching_ratio": 0.5371794136209765,
      "matching_funcs": 913,
      "matching_bytes": 374500,
      "total_funcs": 1293,
      "total_bytes": 697160
    },
    "modgfx": {
      "matching_ratio": 0.0,
      "matching_funcs": 0,
      "matching_bytes": 0,
      "total_funcs": 246,
      "total_bytes": 101256
    },
    "projgfx": {
      "matching_ratio": 0.0,
      "matching_funcs": 0,
      "matching_bytes": 0,
      "total_funcs": 72,
      "total_bytes": 28644
    },
    "objects": {
      "matching_ratio": 0.4447042072790234,
      "matching_funcs": 3807,
      "matching_bytes": 809568,
      "total_funcs": 7652,
      "total_bytes": 1820464
    }
  },
  "git": {
    "commit_hash": "eb00bd8c0222fce304b131e71041a808e4184fef",
    "commit_hash_short": "eb00bd8",
    "commit_timestamp": 1783039542
  }
}