{
  "total": {
    "matching_ratio": 0.10296906681250938,
    "matching_funcs": 1440,
    "matching_bytes": 326844,
    "total_funcs": 10877,
    "total_bytes": 3174196
  },
  "core": {
    "matching_ratio": 0.49333201695095463,
    "matching_funcs": 1132,
    "matching_bytes": 259836,
    "total_funcs": 1615,
    "total_bytes": 526696
  },
  "dll": {
    "matching_ratio": 0.025309915014164307,
    "matching_funcs": 308,
    "matching_bytes": 67008,
    "total_funcs": 9262,
    "total_bytes": 2647500
  },
  "git": {
    "commit_hash": "4acedcc63e071e052d9f112444b626589747c256",
    "commit_hash_short": "4acedcc",
    "commit_timestamp": 1754438633
  }
}