{
  "total": {
    "matching_ratio": 0.10611370495687075,
    "matching_funcs": 1485,
    "matching_bytes": 336824,
    "total_funcs": 10879,
    "total_bytes": 3174180
  },
  "core": {
    "matching_ratio": 0.5122958912432597,
    "matching_funcs": 1177,
    "matching_bytes": 269816,
    "total_funcs": 1617,
    "total_bytes": 526680
  },
  "dll": {
    "matching_ratio": 0.025309915014164307,
    "matching_funcs": 308,
    "matching_bytes": 67008,
    "total_funcs": 9262,
    "total_bytes": 2647500
  },
  "git": {
    "commit_hash": "0413913677a3771979a3775e6c8469509a802ba5",
    "commit_hash_short": "0413913",
    "commit_timestamp": 1756230978
  }
}