{
  "total": {
    "matching_ratio": 0.364158503784949,
    "matching_funcs": 4542,
    "matching_bytes": 1167632,
    "total_funcs": 10917,
    "total_bytes": 3206384
  },
  "core": {
    "matching_ratio": 0.839391969959561,
    "matching_funcs": 1587,
    "matching_bytes": 464956,
    "total_funcs": 1654,
    "total_bytes": 553920
  },
  "dll": {
    "matching_ratio": 0.2649144342769591,
    "matching_funcs": 2955,
    "matching_bytes": 702676,
    "total_funcs": 9263,
    "total_bytes": 2652464
  },
  "git": {
    "commit_hash": "213c2185cd1b774e536c7516a48878bdfa0ef322",
    "commit_hash_short": "213c218",
    "commit_timestamp": 1771462665
  }
}